code,name,generic_name,strength,form,route,classification,subclassification,common_use,unit,minimum_stock,default_location,lot_number,expiry_date,current_quantity,received_date,supplier,posology,original_classification,notes
MED-0001,Amlodipine 5mg,Amlodipine 5mg,,Tablet,Oral,Cardiovascular,Antihypertensive / calcium channel blocker,Hypertension,tablet,0,Main Pharmacy,INIT-0001-1,2027-04-30,800,2026-05-15,Mission stock,QD,순환기계 Circulatory,Original classification: 순환기계 Circulatory; Original stock text: 100정*8; ingredient/name needs review
MED-0002,Guinep,ginko leaf extract 40mg,,Tablet,Oral,Cardiovascular,Peripheral / venous circulation support,"Circulation support, venous symptoms",tablet,0,Main Pharmacy,INIT-0002-1,2027-04-30,120,2026-05-15,Mission stock,BID/ TID,순환기계 Circulatory,Original classification: 순환기계 Circulatory; Original stock text: 120정
MED-0003,Memorain Cap,ginko leaf extract 40mg Ginseng 40% ethanol dryed extract 100mg,,Capsule,Oral,Cardiovascular,Peripheral / venous circulation support,"Circulation support, venous symptoms",capsule,0,Main Pharmacy,INIT-0003-1,2027-02-28,90,2026-05-15,Mission stock,BID,순환기계 Circulatory,Original classification: 순환기계 Circulatory; Original stock text: 60캡슐*66
MED-0004,Chisen Cap,Diosmin 300mg,,Capsule,Oral,Cardiovascular,Peripheral / venous circulation support,"Circulation support, venous symptoms",capsule,0,Main Pharmacy,INIT-0004-1,2027-07-31,3000,2026-05-15,Mission stock,BID,순환기계 Circulatory,Original classification: 순환기계 Circulatory; Original stock text: 60정*83
MED-0005,Retium,Dobesilate calcium hydrate 250mg,,Tablet,Oral,Cardiovascular,Peripheral / venous circulation support,"Circulation support, venous symptoms",tablet,0,Main Pharmacy,INIT-0005-1,2027-07-31,180,2026-05-15,Mission stock,BID,순환기계 Circulatory,Original classification: 순환기계 Circulatory; Original stock text: 90정*2
MED-0006,Januvia 50mg,SILTAGLIPINE HCL HYDRATE 56.69mg,,Tablet,Oral,Endocrine / Antidiabetic,DPP-4 inhibitor,Diabetes mellitus,tablet,0,Main Pharmacy,INIT-0006-1,2026-09-30,2016,2026-05-15,Mission stock,QD,순환기계 Circulatory,"Original classification: 순환기계 Circulatory; Original stock text: 2,016정"
MED-0007,Hutradol,Tylenol 162.5 + Tramadol 37.5: Hutradol tablet = Hantraset,,Tablet,Oral,Analgesic / Antipyretic,Opioid-combination analgesic,Moderate pain,tablet,0,Main Pharmacy,INIT-0007-1,2027-03-31,900,2026-05-15,Mission stock,BID,해열진통소염 Antipyretic analgesia,Original classification: 해열진통소염 Antipyretic analgesia; Original stock text: 850정
MED-0008,Peloen,PELUBIPROFEN30mg:Peloen tablets,,Tablet,Oral,Analgesic / Anti-inflammatory,NSAID,"Pain, inflammation, fever",tablet,0,Main Pharmacy,INIT-0008-1,2026-11-30,1800,2026-05-15,Mission stock,,해열진통소염 Antipyretic analgesia,"Original classification: 해열진통소염 Antipyretic analgesia; Original stock text: 1,800정"
MED-0009,PROFEIN,100mg/5ml,,Syrup,Oral,Analgesic / Antipyretic,Pediatric antipyretic / analgesic syrup,"Fever, pain",bottle,0,Main Pharmacy,INIT-0009-1,2026-11-30,76,2026-05-15,Mission stock,,해열진통소염 Antipyretic analgesia,Original classification: 해열진통소염 Antipyretic analgesia; Original stock text: 79병
MED-0010,SANDOL,Paracetamol Syrup 125/5ml,,Syrup,Oral,Analgesic / Antipyretic,Non-opioid analgesic,"Fever, mild pain",bottle,0,Main Pharmacy,INIT-0010-1,2026-12-31,26,2026-05-15,Mission stock,PRN,해열진통소염 Antipyretic analgesia,Original classification: 해열진통소염 Antipyretic analgesia; Original stock text: 30 병
MED-0011,Paracetamol Supp 125mg,Acetaminophen,,Ophthalmic,Ophthalmic,Analgesic / Antipyretic,Non-opioid analgesic,"Fever, mild pain",piece,0,Main Pharmacy,INIT-0011-1,2026-06-30,300,2026-05-15,Mission stock,PRN,해열진통소염 Antipyretic analgesia,Original classification: 해열진통소염 Antipyretic analgesia; Original stock text: 30개
MED-0012,325mg Amiceta Tab,Acetaminophen Encapsulated 350mg,,Ophthalmic,Ophthalmic,Analgesic / Antipyretic,Non-opioid analgesic,"Fever, mild pain",piece,0,Main Pharmacy,INIT-0012-1,2027-10-31,4000,2026-05-15,Mission stock,1T TID,해열진통소염 Antipyretic analgesia,"Original classification: 해열진통소염 Antipyretic analgesia; Original stock text: 4,000정"
MED-0013,Ceclo Tab,Aceclofenac 100mg,,Tablet,Oral,Analgesic / Anti-inflammatory,NSAID,"Pain, inflammation, fever",tablet,0,Main Pharmacy,INIT-0013-1,2099-12-31,1000,2026-05-15,Mission stock,1T TID,해열진통소염 Antipyretic analgesia,"Original classification: 해열진통소염 Antipyretic analgesia; Original stock text: 1,000정; expiry date missing; placeholder 2099-12-31"
MED-0014,Taracet semi,Acetaminophen 162.5mg tramadol hydrocloride 18.75mg,,Ophthalmic,Ophthalmic,Analgesic / Antipyretic,Combination analgesic,"Pain, fever",piece,0,Main Pharmacy,INIT-0014-1,2027-01-31,250,2026-05-15,Mission stock,4T Q6H,해열진통소염 Antipyretic analgesia,Original classification: 해열진통소염 Antipyretic analgesia; Original stock text: 300정*1
MED-0015,Susphen 8hours ER 650mg,Acetaminophen 650mg,,Ophthalmic,Ophthalmic,Analgesic / Antipyretic,Non-opioid analgesic,"Fever, mild pain",piece,0,Main Pharmacy,INIT-0015-1,2027-07-31,900,2026-05-15,Mission stock,2T TID,해열진통소염 Antipyretic analgesia,Original classification: 해열진통소염 Antipyretic analgesia; Original stock text: 300정*1
MED-0016,Hycephen,"Acetaminophen 325mg ,tramadol hydrocloride 18.75mg",,Ophthalmic,Ophthalmic,Analgesic / Antipyretic,Combination analgesic,"Pain, fever",piece,0,Main Pharmacy,INIT-0016-1,2026-10-31,390,2026-05-15,Mission stock,2T Q6H,해열진통소염 Antipyretic analgesia,Original classification: 해열진통소염 Antipyretic analgesia; Original stock text: 30정*1
MED-0017,Susphen night Tab,"Acetaminophen Chlorpheniramine mileate 2mg ,phenyleprine hydroclorhide 5mg",,Ophthalmic,Ophthalmic,Respiratory,Cold symptom combination,"Cold symptoms, fever, nasal congestion",piece,0,Main Pharmacy,INIT-0017-1,2026-11-30,600,2026-05-15,Mission stock,1-2T Q4H,해열진통소염 Antipyretic analgesia,Original classification: 해열진통소염 Antipyretic analgesia; Original stock text: 10정*60
MED-0018,Loxfenin,Loxoprofen Sodium Hydrate 68.1mg,,Tablet,Oral,Analgesic / Anti-inflammatory,NSAID,"Pain, inflammation, fever",tablet,0,Main Pharmacy,INIT-0018-1,2026-12-31,30,2026-05-15,Mission stock,1T BID/TID,해열진통소염 Antipyretic analgesia,Original classification: 해열진통소염 Antipyretic analgesia; Original stock text: 30정*1
MED-0019,IBUPROFENE SYRUP,IBUPROFENE SYRUP,,Syrup,Oral,Analgesic / Anti-inflammatory,NSAID,"Pain, inflammation, fever",bottle,0,Main Pharmacy,INIT-0019-1,2027-06-30,2,2026-05-15,Mission stock,,해열진통소염 Antipyretic analgesia,Original classification: 해열진통소염 Antipyretic analgesia; Original stock text: 2 BTL; quantity estimated from '2 BTL'; ingredient/name needs review
MED-0020,Laxib Tab,Celecoxib ( NSAID),,Tablet,Oral,Analgesic / Anti-inflammatory,NSAID,"Pain, inflammation, fever",tablet,0,Main Pharmacy,INIT-0020-1,2099-12-31,120,2026-05-15,Mission stock,1-4C QD/ 2C BID,해열진통소염 Antipyretic analgesia,Original classification: 해열진통소염 Antipyretic analgesia; Original stock text: 30정*4; expiry date missing; placeholder 2099-12-31
MED-0021,Tak -Sen Soft Cap,Naproxen( NSAID )100mg,,Capsule,Oral,Analgesic / Anti-inflammatory,NSAID,"Pain, inflammation, fever",capsule,0,Main Pharmacy,INIT-0021-1,2099-12-31,100,2026-05-15,Mission stock,1-2C BID,해열진통소염 Antipyretic analgesia,Original classification: 해열진통소염 Antipyretic analgesia; Original stock text: 10정*10; expiry date missing; placeholder 2099-12-31
MED-0022,Aceclofen,Aceclofenac 100mg,,Tablet,Oral,Analgesic / Anti-inflammatory,NSAID,"Pain, inflammation, fever",tablet,0,Main Pharmacy,INIT-0022-1,2099-12-31,900,2026-05-15,Mission stock,1T BID,해열진통소염 Antipyretic analgesia,Original classification: 해열진통소염 Antipyretic analgesia; Original stock text: 300정*3; expiry date missing; placeholder 2099-12-31
MED-0023,Perison ( /500T),EPERISONE HCL 50mg: Perison tablets,,Tablet,Oral,Musculoskeletal,Muscle relaxant,"Muscle spasm, musculoskeletal pain",tablet,0,Main Pharmacy,INIT-0023-1,2099-12-31,1000,2026-05-15,Mission stock,1T BID,근골격계 Musculoskeletal,Original classification: 근골격계 Musculoskeletal; Original stock text: 950정; expiry date missing; placeholder 2099-12-31
MED-0024,Miaron,Afloqualon 20 mg,,Tablet,Oral,Musculoskeletal,Muscle relaxant,"Muscle spasm, musculoskeletal pain",tablet,0,Main Pharmacy,INIT-0024-1,2099-12-31,1000,2026-05-15,Mission stock,1T TID,근골격계 Musculoskeletal,Original classification: 근골격계 Musculoskeletal; Original stock text: 500정*2; expiry date missing; placeholder 2099-12-31
MED-0025,Eldolant Cap,Erdosteine 300mg,,Capsule,Oral,Respiratory,Mucolytic / expectorant,Cough with sputum,capsule,0,Main Pharmacy,INIT-0025-1,2027-01-31,750,2026-05-15,Mission stock,1T TID,호흡기계 Respiratory,"Original classification: 호흡기계 Respiratory; Original stock text: 4,800캡슐"
MED-0026,Sudafed Tab,Peseudoephedrine Hydrocholoride 60mg,,Tablet,Oral,Respiratory,Decongestant,Nasal congestion,tablet,0,Main Pharmacy,INIT-0026-1,2027-07-31,2000,2026-05-15,Mission stock,1T TID BID,호흡기계 Respiratory,"Original classification: 호흡기계 Respiratory; Original stock text: 2,000정"
MED-0027,Daewoong Montelukast Tab 10mg,(Montelukast Sodium) 10.4mg,,Tablet,Oral,Respiratory,Leukotriene receptor antagonist,"Asthma, allergic rhinitis",tablet,0,Main Pharmacy,INIT-0027-1,2028-02-29,280,2026-05-15,Mission stock,1QD,호흡기계 Respiratory,Original classification: 호흡기계 Respiratory; Original stock text: 336정
MED-0028,Daewoong Montelukast Tab 10mg,(Montelukast Sodium) 4mg,,Powder / Sachet,Oral,Respiratory,Leukotriene receptor antagonist,"Asthma, allergic rhinitis",sachet,0,Main Pharmacy,INIT-0028-1,2026-07-31,8,2026-05-15,Mission stock,1QD,호흡기계 Respiratory,Original classification: 호흡기계 Respiratory; Original stock text: 28포; quantity parsed from '8 sachet'
MED-0029,CARBO TOUX 5%,250ML,,Syrup,Oral,Respiratory,Antitussive syrup,Cough,bottle,0,Main Pharmacy,INIT-0029-1,2026-09-30,9,2026-05-15,Mission stock,,호흡기계 Respiratory,Original classification: 호흡기계 Respiratory; Original stock text: 10병
MED-0030,ephedrine 40mg 4%,Montelukast Sodium,,Tablet,Oral,Respiratory,Decongestant,Nasal congestion,tablet,0,Main Pharmacy,INIT-0030-1,2099-12-31,500,2026-05-15,Mission stock,,호흡기계 Respiratory,Original classification: 호흡기계 Respiratory; Original stock text: 500정; expiry date missing; placeholder 2099-12-31
MED-0031,Bromhexine HCL,Bromhexine Hydrochloride 8mg,,Tablet,Oral,Respiratory,Mucolytic / expectorant,Cough with sputum,tablet,0,Main Pharmacy,INIT-0031-1,2027-11-30,800,2026-05-15,Mission stock,1-2T TID,EXPECTORANT ANTI TUSSIF,Original classification: EXPECTORANT ANTI TUSSIF; Original stock text: 1000정
MED-0032,Levopect,Levodroprizine 45 mg,,Tablet,Oral,Respiratory,Antitussive,Cough,tablet,0,Main Pharmacy,INIT-0032-1,2028-02-29,300,2026-05-15,Mission stock,1T BID,EXPECTORANT ANTI TUSSIF,Original classification: EXPECTORANT ANTI TUSSIF; Original stock text: 30정*10
MED-0033,Muco -One,Erdosteine 300mg,,Tablet,Oral,Respiratory,Mucolytic / expectorant,Cough with sputum,tablet,0,Main Pharmacy,INIT-0033-1,2027-02-28,1000,2026-05-15,Mission stock,1C BID-TID,EXPECTORANT ANTI TUSSIF,Original classification: EXPECTORANT ANTI TUSSIF; Original stock text: 100정*10
MED-0034,Ambroxol,Ambroxol,,Tablet,Oral,Respiratory,Mucolytic / expectorant,Cough with sputum,tablet,0,Main Pharmacy,INIT-0034-1,2099-12-31,500,2026-05-15,Mission stock,1T TID,EXPECTORANT ANTI TUSSIF,Original classification: EXPECTORANT ANTI TUSSIF; quantity estimated from '500정*1'; expiry date missing; placeholder 2099-12-31; ingredient/name needs review
MED-0035,200mg Cimetidine Tab,Cimetidine,,Tablet,Oral,Gastrointestinal,H2 blocker,"Gastritis, reflux, ulcer symptoms",tablet,0,Main Pharmacy,INIT-0035-1,2027-06-30,750,2026-05-15,Mission stock,1T TID,소화기계 Digestive,"Original classification: 소화기계 Digestive; Original stock text: 1,000정"
MED-0036,Macperan Tab,Metoclopramide 3.84mg,,Tablet,Oral,Gastrointestinal,Prokinetic / antispasmodic,"Nausea, dyspepsia, abdominal cramps",tablet,0,Main Pharmacy,INIT-0036-1,2027-07-31,1000,2026-05-15,Mission stock,1T BID- 2T TID,소화기계 Digestive,"Original classification: 소화기계 Digestive; Original stock text: 1,000정"
MED-0037,Healing,625mg,,Tablet,Oral,Gastrointestinal,Digestive enzyme,Indigestion,tablet,0,Main Pharmacy,INIT-0037-1,2026-11-30,90,2026-05-15,Mission stock,1QD,소화기계 Digestive,Original classification: 소화기계 Digestive; Original stock text: 500정
MED-0038,Amis Tab,Artemisia Herb 95% Ethanol Soft Ext(20->1),,Tablet,Oral,Gastrointestinal,Mucosal protective agent,"Gastritis, stomach discomfort",tablet,0,Main Pharmacy,INIT-0038-1,2028-01-31,3000,2026-05-15,Mission stock,1T BID,소화기계 Digestive,"Original classification: 소화기계 Digestive; Original stock text: 3,000정"
MED-0039,Tirogen Tab,Tiropamide Hydrocholoride 100mg,,Tablet,Oral,Gastrointestinal,Prokinetic / antispasmodic,"Nausea, dyspepsia, abdominal cramps",tablet,0,Main Pharmacy,INIT-0039-1,2027-06-30,750,2026-05-15,Mission stock,1T TID,소화기계 Digestive,"Original classification: 소화기계 Digestive; Original stock text: 1,000정*1"
MED-0040,Polybutine Tab 100mg,Trimebutine Maleate 100mg,,Tablet,Oral,Gastrointestinal,Prokinetic / antispasmodic,"Nausea, dyspepsia, abdominal cramps",tablet,0,Main Pharmacy,INIT-0040-1,2027-12-31,750,2026-05-15,Mission stock,1T TID,소화기계 Digestive,"Original classification: 소화기계 Digestive; Original stock text: 1,000정*1"
MED-0041,20mg Gasparmo,Pamotidine: 20mg,,Tablet,Oral,Gastrointestinal,H2 blocker,"Gastritis, reflux, ulcer symptoms",tablet,0,Main Pharmacy,INIT-0041-1,2027-03-31,1950,2026-05-15,Mission stock,1T BID,소화기계 Digestive,"Original classification: 소화기계 Digestive; Original stock text: 2,400정*1"
MED-0042,Mucoramine Tab,REBAMIPIDE 100mg,,Tablet,Oral,Gastrointestinal,Mucosal protective agent,"Gastritis, stomach discomfort",tablet,0,Main Pharmacy,INIT-0042-1,2027-04-30,2250,2026-05-15,Mission stock,1T BID,소화기계 Digestive,"Original classification: 소화기계 Digestive; Original stock text: 2,400정"
MED-0043,Bamedin,REBAMIPIDE 100mg,,Tablet,Oral,Gastrointestinal,Mucosal protective agent,"Gastritis, stomach discomfort",tablet,0,Main Pharmacy,INIT-0043-1,2028-05-31,900,2026-05-15,Mission stock,1T BID,소화기계 Digestive,Original classification: 소화기계 Digestive; Original stock text: 100정*9
MED-0044,Anytal Triple Layered,Diastase protease Celullase 20mgTrimebutine Maleate 100mg Lipase calcium carbonate,,Tablet,Oral,Gastrointestinal,Prokinetic / antispasmodic,"Nausea, dyspepsia, abdominal cramps",tablet,0,Main Pharmacy,INIT-0044-1,2027-04-30,1800,2026-05-15,Mission stock,1T BID,소화기계 Digestive,Original classification: 소화기계 Digestive; Original stock text: 150정*2
MED-0045,Humorid,MOSAPRIDE SODIUM 5mg,,Tablet,Oral,Gastrointestinal,Prokinetic / antispasmodic,"Nausea, dyspepsia, abdominal cramps",tablet,0,Main Pharmacy,INIT-0045-1,2099-12-31,1800,2026-05-15,Mission stock,1T TID,소화기계 Digestive,"Original classification: 소화기계 Digestive; Original stock text: 1,800정; quantity estimated from '1,800정'; expiry date missing; placeholder 2099-12-31"
MED-0046,Mosaone,"MOSAPRIDE Citrate Dihydrate 5,29mg",,Tablet,Oral,Gastrointestinal,Prokinetic / antispasmodic,"Nausea, dyspepsia, abdominal cramps",tablet,0,Main Pharmacy,INIT-0046-1,2028-01-31,250,2026-05-15,Mission stock,1T TID AFTER OR BEFOR MEAL,소화기계 Digestive,Original classification: 소화기계 Digestive; Original stock text: 500정*1
MED-0047,Bioflor Cap/Powder,Saccharomyce Boulardii,,Capsule,Oral,Gastrointestinal,Probiotic / enteric regulator,"Diarrhea, gut flora support",capsule,0,Main Pharmacy,INIT-0047-1,2026-09-30,390,2026-05-15,Mission stock,CAP/ Powder: 1-2C BID,Preparation intestinale,Original classification: Preparation intestinale; Original stock text: 250정*2; quantity parsed from '390 powder'
MED-0048,Medilac-S Enteric Coated Cap,"Bacillus Subtilis 0,563 mg",,Capsule,Oral,Gastrointestinal,Probiotic / enteric regulator,"Diarrhea, gut flora support",capsule,0,Main Pharmacy,INIT-0048-1,2027-01-31,1200,2026-05-15,Mission stock,1C QD-2C TID,Preparation intestinale,Original classification: Preparation intestinale; Original stock text: 300정*1
MED-0049,Nexierd,Esomeprazole Magnesium Dihydrate,,Tablet,Oral,Gastrointestinal,Proton pump inhibitor,"Reflux, gastritis, ulcer symptoms",tablet,0,Main Pharmacy,INIT-0049-1,2099-12-31,420,2026-05-15,Mission stock,1T QD,Ulcere Gastro intestinal Medicine,Original classification: Ulcere Gastro intestinal Medicine; Original stock text: 1정*1; expiry date missing; placeholder 2099-12-31
MED-0050,Bigcidine Cap,Nizatidine 150 mg (H2 Antagonist),,Capsule,Oral,Gastrointestinal,H2 blocker,"Gastritis, reflux, ulcer symptoms",capsule,0,Main Pharmacy,INIT-0050-1,2026-05-31,420,2026-05-15,Mission stock,1T BID/ 2T QD,Ulcere Gastro intestinal Medicine,Original classification: Ulcere Gastro intestinal Medicine; Original stock text: 30정*14
MED-0051,Gaster,Famotidine 20mg(H2 Antagonist),,Tablet,Oral,Gastrointestinal,H2 blocker,"Gastritis, reflux, ulcer symptoms",tablet,0,Main Pharmacy,INIT-0051-1,2099-12-31,1800,2026-05-15,Mission stock,1T BID/ 2T QD,Ulcere Gastro intestinal Medicine,Original classification: Ulcere Gastro intestinal Medicine; Original stock text: 300정*6; expiry date missing; placeholder 2099-12-31
MED-0052,Stillen 2X,Artemisia Herb 95% Ethanol Soft Ext(20->1),,Tablet,Oral,Gastrointestinal,Mucosal protective agent,"Gastritis, stomach discomfort",tablet,0,Main Pharmacy,INIT-0052-1,2099-12-31,400,2026-05-15,Mission stock,1T BID,Ulcere Gastro intestinal Medicine,Original classification: Ulcere Gastro intestinal Medicine; Original stock text: 400정*1; expiry date missing; placeholder 2099-12-31
MED-0053,Algicell,Sodium Alginate,,Tablet,Oral,Gastrointestinal,Antacid / alginate,"Heartburn, reflux, stomach pain",tablet,0,Main Pharmacy,INIT-0053-1,2028-03-31,360,2026-05-15,Mission stock,1-2PACKS TID/QID,Ulcere Gastro intestinal Medicine,Original classification: Ulcere Gastro intestinal Medicine; Original stock text: 30정*12
MED-0054,Almagel,Almagate 500mg,,Vaginal / Gel,Vaginal,Gastrointestinal,Antacid / alginate,"Heartburn, reflux, stomach pain",piece,0,Main Pharmacy,INIT-0054-1,2028-03-31,1000,2026-05-15,Mission stock,2T TID,ANTIACID,Original classification: ANTIACID; Original stock text: 500정*2
MED-0055,Anemo,Scopolia Extract powder 10% Calcium carbonate,,Powder / Sachet,Oral,Gastrointestinal,Antacid / alginate,"Heartburn, reflux, stomach pain",sachet,0,Main Pharmacy,INIT-0055-1,2028-02-29,2000,2026-05-15,Mission stock,3T TID,ANTIACID,Original classification: ANTIACID; Original stock text: 1000정*2
MED-0056,Beposen,BEPOTASTINE BESILATE 10mg,,Tablet,Oral,Antihistamine / Allergy,Antihistamine,"Allergic rhinitis, itching, urticaria",tablet,0,Main Pharmacy,INIT-0056-1,2027-02-28,1380,2026-05-15,Mission stock,1T BID,항히스타민제 antihistamine,Original classification: 항히스타민제 antihistamine; Original stock text: 600정
MED-0057,Beari On,BEPOTASTINE BESILATE 10mg,,Tablet,Oral,Antihistamine / Allergy,Antihistamine,"Allergic rhinitis, itching, urticaria",tablet,0,Main Pharmacy,INIT-0057-1,2027-05-31,600,2026-05-15,Mission stock,1T BID,항히스타민제 antihistamine,"Original classification: 항히스타민제 antihistamine; Original stock text: 1,500정"
MED-0058,Twolion,BEPOTASTINE BESILATE 10mg,,Tablet,Oral,Antihistamine / Allergy,Antihistamine,"Allergic rhinitis, itching, urticaria",tablet,0,Main Pharmacy,INIT-0058-1,2027-01-31,1350,2026-05-15,Mission stock,1T BID,항히스타민제 antihistamine,Original classification: 항히스타민제 antihistamine; Original stock text: 300정*1
MED-0059,Potas,BEPOTASTINE BESILATE 10mg,,Tablet,Oral,Antihistamine / Allergy,Antihistamine,"Allergic rhinitis, itching, urticaria",tablet,0,Main Pharmacy,INIT-0059-1,2026-12-31,300,2026-05-15,Mission stock,1T BID,항히스타민제 antihistamine,Original classification: 항히스타민제 antihistamine; Original stock text: 300정*1
MED-0060,Arazine,BEPOTASTINE BESILATE 10mg,,Tablet,Oral,Antihistamine / Allergy,Antihistamine,"Allergic rhinitis, itching, urticaria",tablet,0,Main Pharmacy,INIT-0060-1,2099-12-31,60,2026-05-15,Mission stock,1T BID,항히스타민제 antihistamine,Original classification: 항히스타민제 antihistamine; Original stock text: 30정*2; expiry date missing; placeholder 2099-12-31
MED-0061,Bonaling-A Tab,Dimenhydrinate 50mg,,Tablet,Oral,Antihistamine / Antiemetic,Motion sickness antihistamine,"Nausea, dizziness, motion sickness",tablet,0,Main Pharmacy,INIT-0061-1,2027-12-31,500,2026-05-15,Mission stock,1 BID,항히스타민제 antihistamine,"Original classification: 항히스타민제 antihistamine; Original stock text: 1,000정"
MED-0062,Bonaling-A Tab,Dimenhydrinate 51mg,,Tablet,Oral,Antihistamine / Antiemetic,Motion sickness antihistamine,"Nausea, dizziness, motion sickness",tablet,0,Main Pharmacy,INIT-0062-1,2027-01-31,500,2026-05-15,Mission stock,2 BID,항히스타민제 antihistamine,"Original classification: 항히스타민제 antihistamine; Original stock text: 1,001정"
MED-0063,Peniramin Tab 2mg,(Chlorpheniramine Maleate) 2mg,,Tablet,Oral,Antihistamine / Allergy,Antihistamine,"Allergic rhinitis, itching, urticaria",tablet,0,Main Pharmacy,INIT-0063-1,2028-02-29,1000,2026-05-15,Mission stock,1 QD,항히스타민제 antihistamine,"Original classification: 항히스타민제 antihistamine; Original stock text: 1,700정"
MED-0064,Dexamethasone Tab,Dexamethasone 0.75mg,,Tablet,Oral,Corticosteroid,Systemic corticosteroid,"Inflammation, allergic conditions",tablet,0,Main Pharmacy,INIT-0064-1,2029-08-31,1000,2026-05-15,Mission stock,,부신피질호르몬 Corticosteroids,"Original classification: 부신피질호르몬 Corticosteroids; Original stock text: 1,000정"
MED-0065,Prednisolone 5mg Tab,Prednisolone 5mg,,Tablet,Oral,Corticosteroid,Systemic corticosteroid,"Inflammation, allergic conditions",tablet,0,Main Pharmacy,INIT-0065-1,2028-01-31,4500,2026-05-15,Mission stock,,부신피질호르몬 Corticosteroids,Original classification: 부신피질호르몬 Corticosteroids; Original stock text: 4900
MED-0066,Metronidazole vaginal gel 5g,(Metronidazole),,Vaginal / Gel,Vaginal,Obstetrics / Gynecology,Antiprotozoal / antibacterial gel,Vaginal infection,piece,0,Main Pharmacy,INIT-0066-1,2028-02-29,98,2026-05-15,Mission stock,1_2T BID,부인과(Gyne),Original classification: 부인과(Gyne); Original stock text: 100개
MED-0067,Clotrimazole vaginal tablet 100mg,Clotrimazole,,Tablet,Vaginal,Obstetrics / Gynecology,Antifungal,Vaginal candidiasis,tablet,0,Main Pharmacy,INIT-0067-1,2028-02-29,48,2026-05-15,Mission stock,,부인과(Gyne),Original classification: 부인과(Gyne); Original stock text: 6x10
MED-0068,Amoxicillin 500mg,Amoxicillin 500mg,,Capsule,Oral,Antibiotic,Antibacterial,Bacterial infection,capsule,0,Main Pharmacy,INIT-0068-1,2026-07-31,2000,2026-05-15,Mission stock,1_2T BID,항생제 antibiotic,Original classification: 항생제 antibiotic; Original stock text: 650캡슐; quantity estimated from '500/4bts'; ingredient/name needs review
MED-0069,Amoxicillin 500mg,Amoxicillin 500mg,,Capsule,Oral,Antibiotic,Antibacterial,Bacterial infection,capsule,0,Main Pharmacy,INIT-0069-1,2027-02-28,2500,2026-05-15,Mission stock,1_2T BID,항생제 antibiotic,"Original classification: 항생제 antibiotic; Original stock text: 1,000캡슐; quantity estimated from '500/5bts'; ingredient/name needs review"
MED-0070,Cefaclor,Cefaclor Hydrate 250 mg (Cephalosporine ),,Capsule,Oral,Antibiotic,Antibacterial,Bacterial infection,capsule,0,Main Pharmacy,INIT-0070-1,2027-02-28,300,2026-05-15,Mission stock,1C TID,항생제 antibiotic,Original classification: 항생제 antibiotic; Original stock text: 300캡슐*1
MED-0071,Flasinyl Tab,Metronidazole,,Tablet,Oral,Antibiotic / Antiprotozoal,Nitroimidazole,"Anaerobic infection, protozoal infection",tablet,0,Main Pharmacy,INIT-0071-1,2029-02-28,800,2026-05-15,Mission stock,1TID,항생제 antibiotic,"Original classification: 항생제 antibiotic; Original stock text: 1,000정"
MED-0072,Rosyth,ROXITHROMYCIN 150mg,,Tablet,Oral,Antibiotic,Antibacterial,Bacterial infection,tablet,0,Main Pharmacy,INIT-0072-1,2027-01-31,700,2026-05-15,Mission stock,1-2 QD,항생제 antibiotic,Original classification: 항생제 antibiotic; Original stock text: 700T
MED-0073,Albendazole 400mg,Albendazole 400mg,,Tablet,Oral,Antiparasitic,Anthelmintic,Intestinal worm infection,tablet,0,Main Pharmacy,INIT-0073-1,2099-12-31,550,2026-05-15,Mission stock,,항생제 antibiotic,Original classification: 항생제 antibiotic; Original stock text: 990정; expiry date missing; placeholder 2099-12-31; ingredient/name needs review
MED-0074,Gentazole 2tab -set,Albendazole 400mg,,Tablet,Oral,Antiparasitic,Anthelmintic,Intestinal worm infection,tablet,0,Main Pharmacy,INIT-0074-1,2099-12-31,230,2026-05-15,Mission stock,1T QD after 7 days 1T QD,항생제 antibiotic,Original classification: 항생제 antibiotic; Original stock text: 115BT *2; expiry date missing; placeholder 2099-12-31
MED-0075,Alnazole 2tab -set,Albendazole 400mg,,Tablet,Oral,Antiparasitic,Anthelmintic,Intestinal worm infection,tablet,0,Main Pharmacy,INIT-0075-1,2099-12-31,334,2026-05-15,Mission stock,1T QD after 7 days 1T QD,항생제 antibiotic,Original classification: 항생제 antibiotic; Original stock text: 167BT *2; expiry date missing; placeholder 2099-12-31
MED-0076,Zelcome,Flubendazole 500mg,,Tablet,Oral,Antiparasitic,Anthelmintic,Intestinal worm infection,tablet,0,Main Pharmacy,INIT-0076-1,2099-12-31,32,2026-05-15,Mission stock,1T QD,항생제 antibiotic,Original classification: 항생제 antibiotic; Original stock text: 2정*8; expiry date missing; placeholder 2099-12-31
MED-0077,Combimal,Sulfadoxine,,Tablet,Oral,Antimalarial,Antimalarial,Malaria treatment,tablet,0,Main Pharmacy,INIT-0077-1,2099-12-31,300,2026-05-15,Mission stock,3T QD,MALARIA MEDICINE,Original classification: MALARIA MEDICINE; Original stock text: 50정*6; expiry date missing; placeholder 2099-12-31
MED-0078,M-Artefix 80mg/480mg,M_Artefix 80mg/480mg,,Tablet,Oral,Antimalarial,Antimalarial,Malaria treatment,tablet,0,Main Pharmacy,INIT-0078-1,2099-12-31,30,2026-05-15,Mission stock,,MALARIA MEDICINE,Original classification: MALARIA MEDICINE; Original stock text: 5정*6; expiry date missing; placeholder 2099-12-31
MED-0079,Medilac-S Enteric Coated Cap,Bacillus Subtilis-Enterococcus Faecium Culture 125mg,,Capsule,Oral,Gastrointestinal,Probiotic / enteric regulator,"Diarrhea, gut flora support",capsule,0,Main Pharmacy,INIT-0079-1,2027-11-30,9000,2026-05-15,Mission stock,,정장제 Enteric,Original classification: 정장제 Enteric; Original stock text: 300x3캡슐
MED-0080,Silcon Tab,Polycarbophil Calcium 625mg,,Ophthalmic,Ophthalmic,Gastrointestinal,Laxative / stool regulator,Constipation,piece,0,Main Pharmacy,INIT-0080-1,2099-12-31,500,2026-05-15,Mission stock,,변비완화 constipation,Original classification: 변비완화 constipation; Original stock text: 500정; expiry date missing; placeholder 2099-12-31
MED-0081,Silcon Tab,Polycarbophil Calcium 625mg,,Ophthalmic,Ophthalmic,Gastrointestinal,Laxative / stool regulator,Constipation,piece,0,Main Pharmacy,INIT-0081-1,2099-12-31,100,2026-05-15,Mission stock,,변비완화 constipation,Original classification: 변비완화 constipation; Original stock text: 100정; expiry date missing; placeholder 2099-12-31
MED-0082,Magmil Tab,Magnesium hydroxide,,Tablet,Oral,Gastrointestinal,Laxative / stool regulator,Constipation,tablet,0,Main Pharmacy,INIT-0082-1,2027-12-01,500,2026-05-15,Mission stock,1-2 BID,변비완화 constipation,Original classification: 변비완화 constipation; Original stock text: 900정; expiry converted from Excel serial 46722
MED-0083,Neutech Tab,Aloe 2mg caffeine hydrate 20mg Chlorpheniramine mileate 2mg Ethyl ampinobenzoate30mg Nicotinamide20mg Papaverine hydrochloryde Riboflavin Thiamine Hydrochoride 10mg,,Tablet,Oral,Cardiovascular,Peripheral / venous circulation support,"Circulation support, venous symptoms",tablet,0,Main Pharmacy,INIT-0083-1,2028-02-29,2000,2026-05-15,Mission stock,2-3T TID,Amelioration de la circulation sanguine,Original classification: Amelioration de la circulation sanguine; Original stock text: 90정*54
MED-0084,Pansidil Cap,Calcium Pantothenate 60mg Keratine L Cystine 20mg medicinal yeast 100mg P Aminobenzoic Acid 20mg Thiamine Nitrate 60mg,,Capsule,Oral,Dermatology,Hair loss support,Hair loss,capsule,0,Main Pharmacy,INIT-0084-1,2099-12-31,3600,2026-05-15,Mission stock,1C TID,Contre la chute de cheuveux,Original classification: Contre la chute de cheuveux; Original stock text: 180정*20; expiry date missing; placeholder 2099-12-31
MED-0084,Pansidil Cap,Calcium Pantothenate 60mg Keratine L Cystine 20mg medicinal yeast 100mg P Aminobenzoic Acid 20mg Thiamine Nitrate 60mg,,Capsule,Oral,Dermatology,Hair loss support,Hair loss,capsule,0,Main Pharmacy,INIT-0084-2,2099-12-31,1890,2026-05-15,Mission stock,1C TID,Contre la chute de cheuveux,Original classification: Contre la chute de cheuveux; Original stock text: 180정*20; expiry date missing; placeholder 2099-12-31; Additional batch row in original sheet; expiry date missing; placeholder 2099-12-31
MED-0084,Pansidil Cap,Calcium Pantothenate 60mg Keratine L Cystine 20mg medicinal yeast 100mg P Aminobenzoic Acid 20mg Thiamine Nitrate 60mg,,Capsule,Oral,Dermatology,Hair loss support,Hair loss,capsule,0,Main Pharmacy,INIT-0084-3,2099-12-31,1800,2026-05-15,Mission stock,1C TID,Contre la chute de cheuveux,Original classification: Contre la chute de cheuveux; Original stock text: 180정*20; expiry date missing; placeholder 2099-12-31; Additional batch row in original sheet; expiry date missing; placeholder 2099-12-31; Additional batch row in original sheet; expiry date missing; placeholder 2099-12-31
MED-0085,Ginsenside Cap,Ginseng40% Ethanol dried extract,,Capsule,Oral,Vitamins / Supplements,Tonic / nutritional supplement,"Fatigue, nutritional support",capsule,0,Main Pharmacy,INIT-0085-1,2099-12-31,3240,2026-05-15,Mission stock,2C QD or 1C BID( 8am 1pm),Tonique nutritif,Original classification: Tonique nutritif; Original stock text: 60정*54; expiry date missing; placeholder 2099-12-31
MED-0086,Feramine Q Tab,"Cimicifuga Rhizome Extract 0,0364 Ml Saint john 'S Wort 80% MEthanol dried extract",,Tablet,Oral,Obstetrics / Gynecology,Menopause support,Menopausal symptoms,tablet,0,Main Pharmacy,INIT-0086-1,2027-06-30,3060,2026-05-15,Mission stock,1_2T BID,Medicament contre la menopause,Original classification: Medicament contre la menopause; Original stock text: 180정*17
MED-0086,Feramine Q Tab,"Cimicifuga Rhizome Extract 0,0364 Ml Saint john 'S Wort 80% MEthanol dried extract",,Tablet,Oral,Obstetrics / Gynecology,Menopause support,Menopausal symptoms,tablet,0,Main Pharmacy,INIT-0086-2,2026-06-30,1200,2026-05-15,Mission stock,1_2T BID,Medicament contre la menopause,Original classification: Medicament contre la menopause; Original stock text: 180정*17; Additional batch row in original sheet
MED-0087,Caritopotene Soft Cap,Cucurbit Semen Oil Ext,,Capsule,Oral,Urology,Benign prostatic hyperplasia support,Benign prostatic hyperplasia symptoms,capsule,0,Main Pharmacy,INIT-0087-1,2026-06-30,2460,2026-05-15,Mission stock,1C BID,Hyperplasie begnine de prostate,Original classification: Hyperplasie begnine de prostate; Original stock text: 60정*44
MED-0087,Caritopotene Soft Cap,Cucurbit Semen Oil Ext,,Capsule,Oral,Urology,Benign prostatic hyperplasia support,Benign prostatic hyperplasia symptoms,capsule,0,Main Pharmacy,INIT-0087-2,2099-12-31,400,2026-05-15,Mission stock,1C BID,Hyperplasie begnine de prostate,Original classification: Hyperplasie begnine de prostate; Original stock text: 60정*44; Additional batch row in original sheet; expiry date missing; placeholder 2099-12-31
MED-0088,Insandol Tab,Titrated Ext of the Unsaponifiable Fraction Of the Zea mays L 35mg,,Tablet,Oral,Dental / Oral,Periodontal support,Periodontal disease support,tablet,0,Main Pharmacy,INIT-0088-1,2026-11-30,6000,2026-05-15,Mission stock,1_2T TID,contre la maladie parodental,Original classification: contre la maladie parodental; Original stock text: 300정*20
MED-0089,Tasna Vita Tab,Ascorbic Acid Calcium Pantothenate 60mg Cyanocobalami D biotin,,Tablet,Oral,Vitamins / Supplements,Multivitamin,Vitamin supplementation,tablet,0,Main Pharmacy,INIT-0089-1,2027-04-30,2000,2026-05-15,Mission stock,1T QD,VITAMINE,Original classification: VITAMINE; Original stock text: 1000정*2
MED-0090,Beecom tab,Ascorbic Acid Calcium Pantothenate 61mg Cyanocobalami D biotin,,Tablet,Oral,Vitamins / Supplements,Multivitamin,Vitamin supplementation,tablet,0,Main Pharmacy,INIT-0090-1,2099-12-31,0,2026-05-15,Mission stock,,VITAMINE,Original classification: VITAMINE; quantity missing; expiry date missing; placeholder 2099-12-31
MED-0091,Hemorex 35mg,Pramoxine Hydrochloride 10mg,,Tablet,Oral,Dermatology / Wound Care,Topical wound / skin medication,"Wounds, burns, skin irritation",tablet,0,Main Pharmacy,INIT-0091-1,2027-12-31,18,2026-05-15,Mission stock,,연고 ointment,Original classification: 연고 ointment; Original stock text: 18개
MED-0092,Hydrocortisone Cream 20mg,(Hydrocortisone),,Topical,Topical,Dermatology / Wound Care,Topical wound / skin medication,"Wounds, burns, skin irritation",piece,0,Main Pharmacy,INIT-0092-1,2027-11-30,88,2026-05-15,Mission stock,,연고 ointment,Original classification: 연고 ointment; Original stock text: 88개
MED-0093,Madecassol,Titrated Ext of Centella,,Tablet,Oral,Dermatology / Wound Care,Topical wound / skin medication,"Wounds, burns, skin irritation",tablet,0,Main Pharmacy,INIT-0093-1,2027-04-30,209,2026-05-15,Mission stock,,Cicatrisation Wound,Original classification: Cicatrisation Wound; Original stock text: 209개
MED-0094,Madecassol,Titrated Ext of Centella,,Tablet,Oral,Dermatology / Wound Care,Topical wound / skin medication,"Wounds, burns, skin irritation",tablet,0,Main Pharmacy,INIT-0094-1,2027-01-31,93,2026-05-15,Mission stock,,Cicatrisation Wound,Original classification: Cicatrisation Wound; Original stock text: 93개
MED-0095,Madecassol,Neomycin Sulfate Titrated Ext of Centella,,Tablet,Oral,Dermatology / Wound Care,Topical wound / skin medication,"Wounds, burns, skin irritation",tablet,0,Main Pharmacy,INIT-0095-1,2099-12-31,108,2026-05-15,Mission stock,,Cicatrisation Wound,Original classification: Cicatrisation Wound; Original stock text: 108개; expiry date missing; placeholder 2099-12-31
MED-0096,Vaseline blanche,Vaseline blanche,,Topical,Topical,Dermatology / Wound Care,Topical wound / skin medication,"Wounds, burns, skin irritation",piece,0,Main Pharmacy,INIT-0096-1,2027-12-31,1,2026-05-15,Mission stock,,Cicatrisation Wound,Original classification: Cicatrisation Wound; Original stock text: 31개; ingredient/name needs review
MED-0097,Sulfadiazine,Sulfadiazine,,Topical,Topical,Dermatology / Wound Care,Topical wound / skin medication,"Wounds, burns, skin irritation",piece,0,Main Pharmacy,INIT-0097-1,2026-08-31,1,2026-05-15,Mission stock,,Cicatrisation Wound,Original classification: Cicatrisation Wound; Original stock text: 20개; ingredient/name needs review
MED-0098,Neodex ophthalmic ointment 5g,Oxytetracycline Hydrochloride 5mg/g Polymyxin B Sulfate,,Ophthalmic,Ophthalmic,Ophthalmic,Antibiotic / eye medication,Eye infection or inflammation,piece,0,Main Pharmacy,INIT-0098-1,2026-12-31,3,2026-05-15,Mission stock,,Eye Drops,Original classification: Eye Drops; Original stock text: 8개
MED-0099,Tolon Eye Drops,Fluromethanole 1mg/L,,Ophthalmic,Ophthalmic,Ophthalmic,Steroid eye drop,Eye inflammation,piece,0,Main Pharmacy,INIT-0099-1,2027-10-31,33,2026-05-15,Mission stock,,Steroide,Original classification: Steroide; Original stock text: 33개
MED-0100,Tolon T Eye Drops,"Fluromethanole 1mg/Ltetrahydrozoline Hydrocloride 0,25mg/L",,Ophthalmic,Ophthalmic,Ophthalmic,Steroid eye drop,Eye inflammation,piece,0,Main Pharmacy,INIT-0100-1,2099-12-31,12,2026-05-15,Mission stock,,Steroide,Original classification: Steroide; Original stock text: 12개; expiry date missing; placeholder 2099-12-31
MED-0101,Cuolone Eye Drops,Sodium Hyaluronate 1mg/L,,Ophthalmic,Ophthalmic,Ophthalmic,Lubricant eye drop,Dry eye,piece,0,Main Pharmacy,INIT-0101-1,2027-11-30,12,2026-05-15,Mission stock,,스타민제,Original classification: 스타민제; Original stock text: 12개
